{
    "extends": ["tslint:latest", "tslint-config-prettier"],
    "linterOptions": {
        "exclude": ["node_modules/**/*."]
    },
    "rules": {
        "no-console": false,
        "member-access": false,
        "object-literal-sort-keys": false,
        "ordered-imports": true,
        "interface-name": false,
        "strict-null-checks": false,
        "semicolon": true,
        "trailing-comma": [
            true,
            {
                "singleline": "never",
                "multiline": {
                    "objects": "always",
                    "arrays": "always",
                    "functions": "never",
                    "typeLiterals": "ignore"
                }
            }
        ],
        "quotemark": [true, "double"],
        "no-trailing-whitespace": [true, "ignore-comments"],
        "max-classes-per-file": [false, 1],
        "prefer-conditional-expression": false,
        "no-bitwise": false,
        "variable-name": [
            true,
            "allow-leading-underscore",
            "allow-pascal-case",
            "allow-snake-case",
            "check-format"
        ],
        "no-implicit-dependencies": [true, "dev"]
    },
    "rulesDirectory": []
}
